<profile version="1.0" is_locked="true">
  <option name="myName" value="Default" />
  <inspection_tool class="Annotator" enabled="true" level="ERROR" enabled_by_default="true" />
  <inspection_tool class="AnonymousFunctionJS" enabled="false" level="WARNING" enabled_by_default="false" />
  <inspection_tool class="AssignmentResultUsedJS" enabled="false" level="WARNING" enabled_by_default="false" />
  <inspection_tool class="AssignmentToForLoopParameterJS" enabled="false" level="WARNING" enabled_by_default="false" />
  <inspection_tool class="AssignmentToFunctionParameterJS" enabled="false" level="WARNING" enabled_by_default="false" />
  <inspection_tool class="BadExpressionStatementJS" enabled="true" level="WEAK WARNING" enabled_by_default="true" />
  <inspection_tool class="BlockStatementJS" enabled="false" level="WARNING" enabled_by_default="false" />
  <inspection_tool class="BreakStatementJS" enabled="false" level="WARNING" enabled_by_default="false" />
  <inspection_tool class="BreakStatementWithLabelJS" enabled="false" level="WARNING" enabled_by_default="false" />
  <inspection_tool class="CallerJS" enabled="true" level="WARNING" enabled_by_default="true" />
  <inspection_tool class="ChainedEqualityJS" enabled="false" level="WARNING" enabled_by_default="false" />
  <inspection_tool class="ChainedFunctionCallJS" enabled="false" level="WARNING" enabled_by_default="false" />
  <inspection_tool class="CheckDtdRefs" enabled="true" level="ERROR" enabled_by_default="true" />
  <inspection_tool class="CheckEmptyScriptTag" enabled="true" level="WARNING" enabled_by_default="true" />
  <inspection_tool class="CheckImageSize" enabled="true" level="WARNING" enabled_by_default="true" />
  <inspection_tool class="CheckTagEmptyBody" enabled="true" level="WARNING" enabled_by_default="true" />
  <inspection_tool class="CheckValidXmlInScriptTagBody" enabled="true" level="ERROR" enabled_by_default="true" />
  <inspection_tool class="CheckXmlFileWithXercesValidator" enabled="true" level="ERROR" enabled_by_default="true" />
  <inspection_tool class="CommaExpressionJS" enabled="true" level="WARNING" enabled_by_default="true" />
  <inspection_tool class="ConditionalExpressionJS" enabled="false" level="WARNING" enabled_by_default="false" />
  <inspection_tool class="ConditionalExpressionWithIdenticalBranchesJS" enabled="false" level="WARNING" enabled_by_default="false" />
  <inspection_tool class="ConfusingFloatingPointLiteralJS" enabled="false" level="WARNING" enabled_by_default="false" />
  <inspection_tool class="ConfusingPlusesOrMinusesJS" enabled="false" level="WARNING" enabled_by_default="false" />
  <inspection_tool class="ConstantConditionalExpressionJS" enabled="true" level="WARNING" enabled_by_default="true" />
  <inspection_tool class="ConstantOnLHSOfComparisonJS" enabled="false" level="WARNING" enabled_by_default="false" />
  <inspection_tool class="ConstantOnRHSOfComparisonJS" enabled="false" level="WARNING" enabled_by_default="false" />
  <inspection_tool class="ContinueOrBreakFromFinallyBlockJS" enabled="true" level="WARNING" enabled_by_default="true" />
  <inspection_tool class="ContinueStatementJS" enabled="false" level="WARNING" enabled_by_default="false" />
  <inspection_tool class="ContinueStatementWithLabelJS" enabled="false" level="WARNING" enabled_by_default="false" />
  <inspection_tool class="CssBrowserCompatibilityForProperties" enabled="false" level="WARNING" enabled_by_default="false" />
  <inspection_tool class="CssConvertColorToHexInspection" enabled="false" level="WARNING" enabled_by_default="false" />
  <inspection_tool class="CssConvertColorToRgbInspection" enabled="false" level="WARNING" enabled_by_default="false" />
  <inspection_tool class="CssFloatPxLength" enabled="true" level="WEAK WARNING" enabled_by_default="true" />
  <inspection_tool class="CssInvalidAtRule" enabled="true" level="ERROR" enabled_by_default="true" />
  <inspection_tool class="CssInvalidCharsetRule" enabled="true" level="WARNING" enabled_by_default="true" />
  <inspection_tool class="CssInvalidElement" enabled="false" level="ERROR" enabled_by_default="false" />
  <inspection_tool class="CssInvalidFunction" enabled="false" level="ERROR" enabled_by_default="false" />
  <inspection_tool class="CssInvalidHtmlTagReference" enabled="true" level="WARNING" enabled_by_default="true" />
  <inspection_tool class="CssInvalidImport" enabled="true" level="WARNING" enabled_by_default="true" />
  <inspection_tool class="CssInvalidMediaFeature" enabled="true" level="ERROR" enabled_by_default="true" />
  <inspection_tool class="CssInvalidPropertyValue" enabled="false" level="ERROR" enabled_by_default="false" />
  <inspection_tool class="CssInvalidPseudoSelector" enabled="false" level="ERROR" enabled_by_default="false" />
  <inspection_tool class="CssMissingComma" enabled="true" level="WARNING" enabled_by_default="true" />
  <inspection_tool class="CssMissingSemicolon" enabled="true" level="WARNING" enabled_by_default="true" />
  <inspection_tool class="CssNegativeValue" enabled="true" level="ERROR" enabled_by_default="true" />
  <inspection_tool class="CssNoGenericFontName" enabled="false" level="WARNING" enabled_by_default="false" />
  <inspection_tool class="CssOverwrittenProperties" enabled="true" level="WARNING" enabled_by_default="true" />
  <inspection_tool class="CssRedundantUnit" enabled="true" level="WARNING" enabled_by_default="true" />
  <inspection_tool class="CssReplaceWithShorthandSafely" enabled="true" level="WEAK WARNING" enabled_by_default="true" />
  <inspection_tool class="CssReplaceWithShorthandUnsafely" enabled="true" level="INFORMATION" enabled_by_default="true" />
  <inspection_tool class="CssUnitlessNumber" enabled="true" level="WARNING" enabled_by_default="true" />
  <inspection_tool class="CssUnknownProperty" enabled="false" level="WARNING" enabled_by_default="false">
    <option name="myCustomPropertiesEnabled" value="false" />
    <option name="myIgnoreVendorSpecificProperties" value="false" />
    <option name="myCustomPropertiesList">
      <value>
        <list size="0" />
      </value>
    </option>
  </inspection_tool>
  <inspection_tool class="CssUnknownTarget" enabled="false" level="ERROR" enabled_by_default="false" />
  <inspection_tool class="CssUnresolvedClass" enabled="true" level="ERROR" enabled_by_default="true" />
  <inspection_tool class="CssUnresolvedCustomProperty" enabled="false" level="ERROR" enabled_by_default="false" />
  <inspection_tool class="CssUnusedSymbol" enabled="true" level="WARNING" enabled_by_default="true" />
  <inspection_tool class="CyclomaticComplexityJS" enabled="false" level="WARNING" enabled_by_default="false">
    <option name="m_limit" value="10" />
  </inspection_tool>
  <inspection_tool class="DebuggerStatementJS" enabled="false" level="WARNING" enabled_by_default="false" />
  <inspection_tool class="DefaultNotLastCaseInSwitchJS" enabled="false" level="WARNING" enabled_by_default="false" />
  <inspection_tool class="DivideByZeroJS" enabled="false" level="WARNING" enabled_by_default="false" />
  <inspection_tool class="DocumentWriteJS" enabled="false" level="WARNING" enabled_by_default="false" />
  <inspection_tool class="DotEnvDuplicateKeyInspection" enabled="false" level="WARNING" enabled_by_default="false" />
  <inspection_tool class="DotEnvSpaceInsideNonQuotedInspection" enabled="false" level="WARNING" enabled_by_default="false" />
  <inspection_tool class="DuplicateConditionJS" enabled="false" level="WARNING" enabled_by_default="false" />
  <inspection_tool class="DuplicatedCode" enabled="false" level="WEAK WARNING" enabled_by_default="false" />
  <inspection_tool class="DynamicallyGeneratedCodeJS" enabled="false" level="WARNING" enabled_by_default="false" />
  <inspection_tool class="ES6BindWithArrowFunction" enabled="true" level="WARNING" enabled_by_default="true" />
  <inspection_tool class="ES6CheckImport" enabled="true" level="WEAK WARNING" enabled_by_default="true" />
  <inspection_tool class="ES6ClassMemberInitializationOrder" enabled="true" level="WARNING" enabled_by_default="true" />
  <inspection_tool class="ES6ConvertIndexedForToForOf" enabled="true" level="INFORMATION" enabled_by_default="true" />
  <inspection_tool class="ES6ConvertLetToConst" enabled="true" level="INFORMATION" enabled_by_default="true" />
  <inspection_tool class="ES6ConvertModuleExportToExport" enabled="true" level="INFORMATION" enabled_by_default="true" />
  <inspection_tool class="ES6ConvertRequireIntoImport" enabled="true" level="INFORMATION" enabled_by_default="true" />
  <inspection_tool class="ES6ConvertToForOf" enabled="true" level="INFORMATION" enabled_by_default="true" />
  <inspection_tool class="ES6ConvertVarToLetConst" enabled="true" level="WEAK WARNING" enabled_by_default="true" />
  <inspection_tool class="ES6DestructuringVariablesMerge" enabled="true" level="WEAK WARNING" enabled_by_default="true" />
  <inspection_tool class="ES6MissingAwait" enabled="true" level="WEAK WARNING" enabled_by_default="true" />
  <inspection_tool class="ES6PossiblyAsyncFunction" enabled="true" level="WEAK WARNING" enabled_by_default="true" />
  <inspection_tool class="ES6PreferShortImport" enabled="true" level="WARNING" enabled_by_default="true" />
  <inspection_tool class="ES6RedundantAwait" enabled="true" level="WEAK WARNING" enabled_by_default="true" />
  <inspection_tool class="ES6RedundantNestingInTemplateLiteral" enabled="true" level="WEAK WARNING" enabled_by_default="true" />
  <inspection_tool class="ES6ShorthandObjectProperty" enabled="true" level="INFORMATION" enabled_by_default="true" />
  <inspection_tool class="ES6TopLevelAwaitExpression" enabled="false" level="ERROR" enabled_by_default="false" />
  <inspection_tool class="ES6UnusedImports" enabled="false" level="WARNING" enabled_by_default="false" />
  <inspection_tool class="EditorConfigCharClassLetterRedundancy" enabled="true" level="WARNING" enabled_by_default="true" />
  <inspection_tool class="EditorConfigCharClassRedundancy" enabled="true" level="WARNING" enabled_by_default="true" />
  <inspection_tool class="EditorConfigDeprecatedDescriptor" enabled="true" level="WARNING" enabled_by_default="true" />
  <inspection_tool class="EditorConfigEmptyHeader" enabled="true" level="ERROR" enabled_by_default="true" />
  <inspection_tool class="EditorConfigEmptySection" enabled="true" level="WARNING" enabled_by_default="true" />
  <inspection_tool class="EditorConfigHeaderUniqueness" enabled="true" level="WARNING" enabled_by_default="true" />
  <inspection_tool class="EditorConfigKeyCorrectness" enabled="true" level="WARNING" enabled_by_default="true" />
  <inspection_tool class="EditorConfigListAcceptability" enabled="true" level="ERROR" enabled_by_default="true" />
  <inspection_tool class="EditorConfigMissingRequiredDeclaration" enabled="true" level="ERROR" enabled_by_default="true" />
  <inspection_tool class="EditorConfigNoMatchingFiles" enabled="true" level="WARNING" enabled_by_default="true" />
  <inspection_tool class="EditorConfigNumerousWildcards" enabled="true" level="WEAK WARNING" enabled_by_default="true" />
  <inspection_tool class="EditorConfigOptionRedundancy" enabled="true" level="WARNING" enabled_by_default="true" />
  <inspection_tool class="EditorConfigPairAcceptability" enabled="true" level="ERROR" enabled_by_default="true" />
  <inspection_tool class="EditorConfigPartialOverride" enabled="true" level="WEAK WARNING" enabled_by_default="true" />
  <inspection_tool class="EditorConfigPatternEnumerationRedundancy" enabled="true" level="ERROR" enabled_by_default="true" />
  <inspection_tool class="EditorConfigPatternRedundancy" enabled="true" level="WARNING" enabled_by_default="true" />
  <inspection_tool class="EditorConfigReferenceCorrectness" enabled="true" level="ERROR" enabled_by_default="true" />
  <inspection_tool class="EditorConfigRootDeclarationCorrectness" enabled="true" level="ERROR" enabled_by_default="true" />
  <inspection_tool class="EditorConfigRootDeclarationUniqueness" enabled="true" level="ERROR" enabled_by_default="true" />
  <inspection_tool class="EditorConfigShadowedOption" enabled="true" level="WARNING" enabled_by_default="true" />
  <inspection_tool class="EditorConfigShadowingOption" enabled="true" level="WARNING" enabled_by_default="true" />
  <inspection_tool class="EditorConfigSpaceInHeader" enabled="true" level="WEAK WARNING" enabled_by_default="true" />
  <inspection_tool class="EditorConfigUnexpectedComma" enabled="true" level="ERROR" enabled_by_default="true" />
  <inspection_tool class="EditorConfigUnusedDeclaration" enabled="true" level="WARNING" enabled_by_default="true" />
  <inspection_tool class="EditorConfigValueCorrectness" enabled="true" level="ERROR" enabled_by_default="true" />
  <inspection_tool class="EditorConfigValueUniqueness" enabled="true" level="ERROR" enabled_by_default="true" />
  <inspection_tool class="EditorConfigWildcardRedundancy" enabled="true" level="WARNING" enabled_by_default="true" />
  <inspection_tool class="EmptyCatchBlockJS" enabled="false" level="WARNING" enabled_by_default="false" />
  <inspection_tool class="EmptyFinallyBlockJS" enabled="false" level="WARNING" enabled_by_default="false" />
  <inspection_tool class="EmptyStatementBodyJS" enabled="true" level="WARNING" enabled_by_default="true">
    <option name="m_reportEmptyBlocks" value="false" />
  </inspection_tool>
  <inspection_tool class="EmptyTryBlockJS" enabled="false" level="WARNING" enabled_by_default="false" />
  <inspection_tool class="Eslint" enabled="false" level="WARNING" enabled_by_default="false" />
  <inspection_tool class="ExceptionCaughtLocallyJS" enabled="true" level="WARNING" enabled_by_default="true" />
  <inspection_tool class="FallThroughInSwitchStatementJS" enabled="true" level="WARNING" enabled_by_default="true" />
  <inspection_tool class="FlowJSConfig" enabled="true" level="WARNING" enabled_by_default="true" />
  <inspection_tool class="FlowJSCoverage" enabled="false" level="WEAK WARNING" enabled_by_default="false" />
  <inspection_tool class="FlowJSError" enabled="false" level="ERROR" enabled_by_default="false" />
  <inspection_tool class="FlowJSFlagCommentPlacement" enabled="true" level="WARNING" enabled_by_default="true" />
  <inspection_tool class="ForLoopReplaceableByWhileJS" enabled="false" level="WARNING" enabled_by_default="false">
    <option name="m_ignoreLoopsWithoutConditions" value="false" />
  </inspection_tool>
  <inspection_tool class="ForLoopThatDoesntUseLoopVariableJS" enabled="false" level="WARNING" enabled_by_default="false" />
  <inspection_tool class="FunctionNamingConventionJS" enabled="false" level="WARNING" enabled_by_default="false">
    <option name="m_regex" value="[a-z][A-Za-z]*" />
    <option name="m_minLength" value="4" />
    <option name="m_maxLength" value="32" />
  </inspection_tool>
  <inspection_tool class="FunctionWithInconsistentReturnsJS" enabled="false" level="WARNING" enabled_by_default="false" />
  <inspection_tool class="FunctionWithMultipleLoopsJS" enabled="false" level="WARNING" enabled_by_default="false" />
  <inspection_tool class="FunctionWithMultipleReturnPointsJS" enabled="false" level="WARNING" enabled_by_default="false" />
  <inspection_tool class="HtmlDeprecatedAttribute" enabled="true" level="WARNING" enabled_by_default="true" />
  <inspection_tool class="HtmlDeprecatedTag" enabled="true" level="WARNING" enabled_by_default="true" />
  <inspection_tool class="HtmlExtraClosingTag" enabled="true" level="WARNING" enabled_by_default="true" />
  <inspection_tool class="HtmlFormInputWithoutLabel" enabled="true" level="WARNING" enabled_by_default="true" />
  <inspection_tool class="HtmlMissingClosingTag" enabled="true" level="INFORMATION" enabled_by_default="true" />
  <inspection_tool class="HtmlNonExistentInternetResource" enabled="false" level="WARNING" enabled_by_default="false" />
  <inspection_tool class="HtmlPresentationalElement" enabled="false" level="INFORMATION" enabled_by_default="false" />
  <inspection_tool class="HtmlRequiredAltAttribute" enabled="false" level="WARNING" enabled_by_default="false" />
  <inspection_tool class="HtmlRequiredLangAttribute" enabled="true" level="WARNING" enabled_by_default="true" />
  <inspection_tool class="HtmlRequiredSummaryAttribute" enabled="false" level="INFORMATION" enabled_by_default="false" />
  <inspection_tool class="HtmlRequiredTitleAttribute" enabled="false" level="INFORMATION" enabled_by_default="false" />
  <inspection_tool class="HtmlRequiredTitleElement" enabled="true" level="WARNING" enabled_by_default="true" />
  <inspection_tool class="HtmlUnknownAnchorTarget" enabled="true" level="WARNING" enabled_by_default="true" />
  <inspection_tool class="HtmlUnknownAttribute" enabled="false" level="WARNING" enabled_by_default="false">
    <option name="myValues">
      <value>
        <list size="0" />
      </value>
    </option>
    <option name="myCustomValuesEnabled" value="true" />
  </inspection_tool>
  <inspection_tool class="HtmlUnknownBooleanAttribute" enabled="false" level="WARNING" enabled_by_default="false" />
  <inspection_tool class="HtmlUnknownTag" enabled="false" level="WARNING" enabled_by_default="false">
    <option name="myValues">
      <value>
        <list size="15">
          <item index="0" class="java.lang.String" itemvalue="nobr" />
          <item index="1" class="java.lang.String" itemvalue="noembed" />
          <item index="2" class="java.lang.String" itemvalue="comment" />
          <item index="3" class="java.lang.String" itemvalue="noscript" />
          <item index="4" class="java.lang.String" itemvalue="embed" />
          <item index="5" class="java.lang.String" itemvalue="script" />
          <item index="6" class="java.lang.String" itemvalue="page" />
          <item index="7" class="java.lang.String" itemvalue="swiper" />
          <item index="8" class="java.lang.String" itemvalue="open-data" />
          <item index="9" class="java.lang.String" itemvalue="movable-area" />
          <item index="10" class="java.lang.String" itemvalue="share-element" />
          <item index="11" class="java.lang.String" itemvalue="movable-view" />
          <item index="12" class="java.lang.String" itemvalue="scroll-view" />
          <item index="13" class="java.lang.String" itemvalue="naving" />
          <item index="14" class="java.lang.String" itemvalue="navigator" />
        </list>
      </value>
    </option>
    <option name="myCustomValuesEnabled" value="true" />
  </inspection_tool>
  <inspection_tool class="HtmlUnknownTarget" enabled="false" level="WARNING" enabled_by_default="false" />
  <inspection_tool class="IfStatementWithIdenticalBranchesJS" enabled="false" level="WARNING" enabled_by_default="false" />
  <inspection_tool class="IfStatementWithTooManyBranchesJS" enabled="false" level="WARNING" enabled_by_default="false">
    <option name="m_limit" value="3" />
  </inspection_tool>
  <inspection_tool class="IgnoreCoverEntry" enabled="false" level="WARNING" enabled_by_default="false" />
  <inspection_tool class="IgnoreDuplicateEntry" enabled="false" level="ERROR" enabled_by_default="false" />
  <inspection_tool class="IgnoreFileDuplicateEntry" enabled="true" level="WARNING" enabled_by_default="true" />
  <inspection_tool class="IgnoreIncorrectEntry" enabled="false" level="ERROR" enabled_by_default="false" />
  <inspection_tool class="IgnoreRelativeEntry" enabled="false" level="ERROR" enabled_by_default="false" />
  <inspection_tool class="IgnoreSyntaxEntry" enabled="false" level="ERROR" enabled_by_default="false" />
  <inspection_tool class="IgnoreUnusedEntry" enabled="false" level="WEAK WARNING" enabled_by_default="false" />
  <inspection_tool class="IncompatibleMaskJS" enabled="true" level="WARNING" enabled_by_default="true" />
  <inspection_tool class="InconsistentLineSeparators" enabled="false" level="WARNING" enabled_by_default="false" />
  <inspection_tool class="IncrementDecrementResultUsedJS" enabled="false" level="WARNING" enabled_by_default="false" />
  <inspection_tool class="InfiniteLoopJS" enabled="true" level="WARNING" enabled_by_default="true" />
  <inspection_tool class="InfiniteRecursionJS" enabled="true" level="WARNING" enabled_by_default="true" />
  <inspection_tool class="InnerHTMLJS" enabled="false" level="WARNING" enabled_by_default="false" />
  <inspection_tool class="JSAccessibilityCheck" enabled="true" level="WARNING" enabled_by_default="true" />
  <inspection_tool class="JSAnnotator" enabled="true" level="ERROR" enabled_by_default="true" />
  <inspection_tool class="JSArrowFunctionBracesCanBeRemoved" enabled="true" level="INFORMATION" enabled_by_default="true" />
  <inspection_tool class="JSAssignmentUsedAsCondition" enabled="true" level="WARNING" enabled_by_default="true" />
  <inspection_tool class="JSBitwiseOperatorUsage" enabled="true" level="WARNING" enabled_by_default="true" />
  <inspection_tool class="JSCheckFunctionSignatures" enabled="false" level="WEAK WARNING" enabled_by_default="false" />
  <inspection_tool class="JSClassNamingConvention" enabled="false" level="WARNING" enabled_by_default="false" />
  <inspection_tool class="JSClosureCompilerSyntax" enabled="true" level="WARNING" enabled_by_default="true" />
  <inspection_tool class="JSCommentMatchesSignature" enabled="true" level="WARNING" enabled_by_default="true" />
  <inspection_tool class="JSComparisonWithNaN" enabled="true" level="WARNING" enabled_by_default="true" />
  <inspection_tool class="JSConsecutiveCommasInArrayLiteral" enabled="true" level="WARNING" enabled_by_default="true" />
  <inspection_tool class="JSConstantReassignment" enabled="true" level="ERROR" enabled_by_default="true" />
  <inspection_tool class="JSConstructorReturnsPrimitive" enabled="false" level="WARNING" enabled_by_default="false" />
  <inspection_tool class="JSDeclarationsAtScopeStart" enabled="false" level="WEAK WARNING" enabled_by_default="false" />
  <inspection_tool class="JSDeprecatedSymbols" enabled="true" level="WEAK WARNING" enabled_by_default="true" />
  <inspection_tool class="JSDuplicateCaseLabel" enabled="true" level="WARNING" enabled_by_default="true" />
  <inspection_tool class="JSDuplicatedDeclaration" enabled="true" level="WARNING" enabled_by_default="true" />
  <inspection_tool class="JSEqualityComparisonWithCoercion" enabled="true" level="WARNING" enabled_by_default="true" />
  <inspection_tool class="JSEqualityComparisonWithCoercion.TS" enabled="false" level="WARNING" enabled_by_default="false" />
  <inspection_tool class="JSFileReferences" enabled="true" level="WARNING" enabled_by_default="true" />
  <inspection_tool class="JSFunctionExpressionToArrowFunction" enabled="true" level="INFORMATION" enabled_by_default="true" />
  <inspection_tool class="JSHint" enabled="false" level="ERROR" enabled_by_default="false" />
  <inspection_tool class="JSIgnoredPromiseFromCall" enabled="false" level="WEAK WARNING" enabled_by_default="false" />
  <inspection_tool class="JSIncompatibleTypesComparison" enabled="true" level="WEAK WARNING" enabled_by_default="true" />
  <inspection_tool class="JSJQueryEfficiency" enabled="true" level="WARNING" enabled_by_default="true" />
  <inspection_tool class="JSJoinVariableDeclarationAndAssignment" enabled="true" level="INFORMATION" enabled_by_default="true" />
  <inspection_tool class="JSLastCommaInArrayLiteral" enabled="true" level="WARNING" enabled_by_default="true" />
  <inspection_tool class="JSLastCommaInObjectLiteral" enabled="true" level="WARNING" enabled_by_default="true" />
  <inspection_tool class="JSMethodCanBeStatic" enabled="true" level="WARNING" enabled_by_default="true" />
  <inspection_tool class="JSMismatchedCollectionQueryUpdate" enabled="true" level="WARNING" enabled_by_default="true">
    <option name="queries" value="trace,write,forEach,length,size" />
    <option name="updates" value="pop,push,shift,splice,unshift,add,insert,remove,reverse,copyWithin,fill,sort" />
  </inspection_tool>
  <inspection_tool class="JSMissingSwitchBranches" enabled="true" level="INFORMATION" enabled_by_default="true" />
  <inspection_tool class="JSMissingSwitchDefault" enabled="true" level="INFORMATION" enabled_by_default="true" />
  <inspection_tool class="JSNonASCIINames" enabled="true" level="WARNING" enabled_by_default="true" />
  <inspection_tool class="JSNonStrictModeUsed" enabled="false" level="WARNING" enabled_by_default="false" />
  <inspection_tool class="JSObjectNullOrUndefined" enabled="true" level="WARNING" enabled_by_default="true" />
  <inspection_tool class="JSObsoletePrivateAccessSyntax" enabled="true" level="ERROR" enabled_by_default="true" />
  <inspection_tool class="JSOctalInteger" enabled="true" level="ERROR" enabled_by_default="true" />
  <inspection_tool class="JSPotentiallyInvalidConstructorUsage" enabled="true" level="WARNING" enabled_by_default="true">
    <option name="myConsiderUppercaseFunctionsToBeConstructors" value="true" />
  </inspection_tool>
  <inspection_tool class="JSPotentiallyInvalidTargetOfIndexedPropertyAccess" enabled="true" level="WARNING" enabled_by_default="true" />
  <inspection_tool class="JSPotentiallyInvalidUsageOfClassThis" enabled="true" level="WARNING" enabled_by_default="true" />
  <inspection_tool class="JSPotentiallyInvalidUsageOfThis" enabled="true" level="WARNING" enabled_by_default="true" />
  <inspection_tool class="JSPrimitiveTypeWrapperUsage" enabled="true" level="WARNING" enabled_by_default="true" />
  <inspection_tool class="JSRedundantSwitchStatement" enabled="true" level="INFORMATION" enabled_by_default="true" />
  <inspection_tool class="JSReferencingMutableVariableFromClosure" enabled="true" level="WARNING" enabled_by_default="true" />
  <inspection_tool class="JSRemoveUnnecessaryParentheses" enabled="true" level="INFORMATION" enabled_by_default="true" />
  <inspection_tool class="JSStringConcatenationToES6Template" enabled="true" level="INFORMATION" enabled_by_default="true" />
  <inspection_tool class="JSSuspiciousEqPlus" enabled="true" level="WARNING" enabled_by_default="true" />
  <inspection_tool class="JSSuspiciousNameCombination" enabled="true" level="WARNING" enabled_by_default="true">
    <group names="x,width,left,right" />
    <group names="y,height,top,bottom" />
    <exclude classes="Math" />
  </inspection_tool>
  <inspection_tool class="JSSwitchVariableDeclarationIssue" enabled="true" level="WARNING" enabled_by_default="true" />
  <inspection_tool class="JSTestFailedLine" enabled="true" level="WARNING" enabled_by_default="true" />
  <inspection_tool class="JSTypeOfValues" enabled="true" level="WARNING" enabled_by_default="true" />
  <inspection_tool class="JSUndeclaredVariable" enabled="false" level="WEAK WARNING" enabled_by_default="false" />
  <inspection_tool class="JSUndefinedPropertyAssignment" enabled="true" level="WEAK WARNING" enabled_by_default="true" />
  <inspection_tool class="JSUnfilteredForInLoop" enabled="true" level="WARNING" enabled_by_default="true" />
  <inspection_tool class="JSUnnecessarySemicolon" enabled="true" level="WARNING" enabled_by_default="true" />
  <inspection_tool class="JSUnreachableSwitchBranches" enabled="true" level="WARNING" enabled_by_default="true" />
  <inspection_tool class="JSUnresolvedExtXType" enabled="true" level="WARNING" enabled_by_default="true" />
  <inspection_tool class="JSUnresolvedFunction" enabled="false" level="WEAK WARNING" enabled_by_default="false" />
  <inspection_tool class="JSUnresolvedLibraryURL" enabled="true" level="WARNING" enabled_by_default="true" />
  <inspection_tool class="JSUnresolvedReactComponent" enabled="true" level="WEAK WARNING" enabled_by_default="true" />
  <inspection_tool class="JSUnresolvedVariable" enabled="false" level="WEAK WARNING" enabled_by_default="false" />
  <inspection_tool class="JSUnusedAssignment" enabled="true" level="WARNING" enabled_by_default="true" />
  <inspection_tool class="JSUnusedGlobalSymbols" enabled="false" level="WARNING" enabled_by_default="false" />
  <inspection_tool class="JSUnusedLocalSymbols" enabled="false" level="WARNING" enabled_by_default="false" />
  <inspection_tool class="JSValidateJSDoc" enabled="true" level="WARNING" enabled_by_default="true" />
  <inspection_tool class="JSValidateTypes" enabled="false" level="WEAK WARNING" enabled_by_default="false" />
  <inspection_tool class="JSVoidFunctionReturnValueUsed" enabled="true" level="WARNING" enabled_by_default="true" />
  <inspection_tool class="JSXNamespaceValidation" enabled="true" level="WEAK WARNING" enabled_by_default="true" />
  <inspection_tool class="JSXSyntaxUsed" enabled="false" level="ERROR" enabled_by_default="false" />
  <inspection_tool class="Json5StandardCompliance" enabled="true" level="ERROR" enabled_by_default="true" />
  <inspection_tool class="JsonDuplicatePropertyKeys" enabled="true" level="WARNING" enabled_by_default="true" />
  <inspection_tool class="JsonPathEvaluateUnknownKey" enabled="true" level="WARNING" enabled_by_default="true" />
  <inspection_tool class="JsonPathUnknownFunction" enabled="true" level="WARNING" enabled_by_default="true" />
  <inspection_tool class="JsonPathUnknownOperator" enabled="true" level="WARNING" enabled_by_default="true" />
  <inspection_tool class="JsonSchemaCompliance" enabled="true" level="WARNING" enabled_by_default="true" />
  <inspection_tool class="JsonSchemaDeprecation" enabled="true" level="WEAK WARNING" enabled_by_default="true" />
  <inspection_tool class="JsonSchemaRefReference" enabled="true" level="WARNING" enabled_by_default="true" />
  <inspection_tool class="JsonStandardCompliance" enabled="true" level="ERROR" enabled_by_default="true" />
  <inspection_tool class="LabeledStatementJS" enabled="false" level="WARNING" enabled_by_default="false" />
  <inspection_tool class="LessResolvedByNameOnly" enabled="false" level="WEAK WARNING" enabled_by_default="false" />
  <inspection_tool class="LessUnresolvedMixin" enabled="true" level="WARNING" enabled_by_default="true" />
  <inspection_tool class="LessUnresolvedVariable" enabled="true" level="WARNING" enabled_by_default="true" />
  <inspection_tool class="LocalVariableNamingConventionJS" enabled="false" level="WARNING" enabled_by_default="false">
    <option name="m_regex" value="[a-z][A-Za-z]*" />
    <option name="m_minLength" value="1" />
    <option name="m_maxLength" value="32" />
  </inspection_tool>
  <inspection_tool class="LongLine" enabled="false" level="WARNING" enabled_by_default="false" />
  <inspection_tool class="LoopStatementThatDoesntLoopJS" enabled="true" level="WARNING" enabled_by_default="true" />
  <inspection_tool class="LossyEncoding" enabled="true" level="WARNING" enabled_by_default="true" />
  <inspection_tool class="MagicNumberJS" enabled="false" level="WARNING" enabled_by_default="false" />
  <inspection_tool class="MarkdownUnresolvedFileReference" enabled="true" level="WARNING" enabled_by_default="true" />
  <inspection_tool class="NegatedConditionalExpressionJS" enabled="false" level="WARNING" enabled_by_default="false" />
  <inspection_tool class="NegatedIfStatementJS" enabled="false" level="WARNING" enabled_by_default="false" />
  <inspection_tool class="NestedAssignmentJS" enabled="false" level="WARNING" enabled_by_default="false" />
  <inspection_tool class="NestedConditionalExpressionJS" enabled="false" level="WARNING" enabled_by_default="false" />
  <inspection_tool class="NestedFunctionCallJS" enabled="false" level="WARNING" enabled_by_default="false" />
  <inspection_tool class="NestedFunctionJS" enabled="false" level="WARNING" enabled_by_default="false">
    <option name="m_includeAnonymousFunctions" value="false" />
  </inspection_tool>
  <inspection_tool class="NestedSwitchStatementJS" enabled="false" level="WARNING" enabled_by_default="false" />
  <inspection_tool class="NestingDepthJS" enabled="false" level="WARNING" enabled_by_default="false">
    <option name="m_limit" value="5" />
  </inspection_tool>
  <inspection_tool class="NodeCoreCodingAssistance" enabled="false" level="WARNING" enabled_by_default="false" />
  <inspection_tool class="NonAsciiCharacters" enabled="true" level="WARNING" enabled_by_default="true" />
  <inspection_tool class="NonBlockStatementBodyJS" enabled="false" level="WARNING" enabled_by_default="false" />
  <inspection_tool class="NpmUsedModulesInstalled" enabled="false" level="WEAK WARNING" enabled_by_default="false" />
  <inspection_tool class="ObjectAllocationIgnoredJS" enabled="false" level="WARNING" enabled_by_default="false" />
  <inspection_tool class="OverlyComplexArithmeticExpressionJS" enabled="false" level="WARNING" enabled_by_default="false">
    <option name="m_limit" value="6" />
  </inspection_tool>
  <inspection_tool class="OverlyComplexBooleanExpressionJS" enabled="false" level="WARNING" enabled_by_default="false">
    <option name="m_limit" value="3" />
  </inspection_tool>
  <inspection_tool class="PackageJsonMismatchedDependency" enabled="true" level="WARNING" enabled_by_default="true" />
  <inspection_tool class="ParameterNamingConventionJS" enabled="false" level="WARNING" enabled_by_default="false">
    <option name="m_regex" value="[a-z][A-Za-z]*" />
    <option name="m_minLength" value="1" />
    <option name="m_maxLength" value="32" />
  </inspection_tool>
  <inspection_tool class="ParametersPerFunctionJS" enabled="false" level="WARNING" enabled_by_default="false">
    <option name="m_limit" value="5" />
  </inspection_tool>
  <inspection_tool class="PlatformDetectionJS" enabled="false" level="WARNING" enabled_by_default="false" />
  <inspection_tool class="PointlessArithmeticExpressionJS" enabled="true" level="WARNING" enabled_by_default="true" />
  <inspection_tool class="PointlessBitwiseExpressionJS" enabled="false" level="WARNING" enabled_by_default="false">
    <option name="m_ignoreExpressionsContainingConstants" value="false" />
  </inspection_tool>
  <inspection_tool class="PointlessBooleanExpressionJS" enabled="true" level="WARNING" enabled_by_default="true" />
  <inspection_tool class="ProblematicWhitespace" enabled="false" level="WARNING" enabled_by_default="false" />
  <inspection_tool class="RedundantSuppression" enabled="true" level="WARNING" enabled_by_default="true" />
  <inspection_tool class="RegExpAnonymousGroup" enabled="false" level="WARNING" enabled_by_default="false" />
  <inspection_tool class="RegExpDuplicateAlternationBranch" enabled="true" level="WARNING" enabled_by_default="true" />
  <inspection_tool class="RegExpDuplicateCharacterInClass" enabled="true" level="WARNING" enabled_by_default="true" />
  <inspection_tool class="RegExpEmptyAlternationBranch" enabled="true" level="WARNING" enabled_by_default="true" />
  <inspection_tool class="RegExpEscapedMetaCharacter" enabled="true" level="INFORMATION" enabled_by_default="true" />
  <inspection_tool class="RegExpOctalEscape" enabled="true" level="INFORMATION" enabled_by_default="true" />
  <inspection_tool class="RegExpRedundantEscape" enabled="true" level="WARNING" enabled_by_default="true" />
  <inspection_tool class="RegExpRedundantNestedCharacterClass" enabled="true" level="WARNING" enabled_by_default="true" />
  <inspection_tool class="RegExpRepeatedSpace" enabled="true" level="WARNING" enabled_by_default="true" />
  <inspection_tool class="RegExpSingleCharAlternation" enabled="true" level="WARNING" enabled_by_default="true" />
  <inspection_tool class="RegExpUnexpectedAnchor" enabled="true" level="WARNING" enabled_by_default="true" />
  <inspection_tool class="RegExpUnnecessaryNonCapturingGroup" enabled="true" level="WARNING" enabled_by_default="true" />
  <inspection_tool class="ReplaceAssignmentWithOperatorAssignmentJS" enabled="false" level="WARNING" enabled_by_default="false" />
  <inspection_tool class="RequiredAttributes" enabled="true" level="WARNING" enabled_by_default="true">
    <option name="myAdditionalRequiredHtmlAttributes" value="src" />
  </inspection_tool>
  <inspection_tool class="ReservedWordUsedAsNameJS" enabled="true" level="WARNING" enabled_by_default="true" />
  <inspection_tool class="ReturnFromFinallyBlockJS" enabled="true" level="WARNING" enabled_by_default="true" />
  <inspection_tool class="ReuseOfLocalVariableJS" enabled="false" level="WARNING" enabled_by_default="false" />
  <inspection_tool class="SSBasedInspection" enabled="true" level="WARNING" enabled_by_default="true" />
  <inspection_tool class="SassScssResolvedByNameOnly" enabled="false" level="WEAK WARNING" enabled_by_default="false" />
  <inspection_tool class="SassScssUnresolvedMixin" enabled="true" level="WARNING" enabled_by_default="true" />
  <inspection_tool class="SassScssUnresolvedPlaceholderSelector" enabled="true" level="WARNING" enabled_by_default="true" />
  <inspection_tool class="SassScssUnresolvedVariable" enabled="true" level="WARNING" enabled_by_default="true" />
  <inspection_tool class="ShellCheck" enabled="true" level="ERROR" enabled_by_default="true" />
  <inspection_tool class="ShiftOutOfRangeJS" enabled="true" level="WARNING" enabled_by_default="true" />
  <inspection_tool class="SillyAssignmentJS" enabled="true" level="WARNING" enabled_by_default="true" />
  <inspection_tool class="SpellCheckingInspection" enabled="false" level="TYPO" enabled_by_default="false">
    <option name="processCode" value="true" />
    <option name="processLiterals" value="true" />
    <option name="processComments" value="true" />
  </inspection_tool>
  <inspection_tool class="StandardJS" enabled="false" level="ERROR" enabled_by_default="false" />
  <inspection_tool class="StatementsPerFunctionJS" enabled="false" level="WARNING" enabled_by_default="false">
    <option name="m_limit" value="30" />
  </inspection_tool>
  <inspection_tool class="StringLiteralBreaksHTMLJS" enabled="false" level="WARNING" enabled_by_default="false" />
  <inspection_tool class="Stylelint" enabled="false" level="WARNING" enabled_by_default="false" />
  <inspection_tool class="SuspiciousTypeOfGuard" enabled="true" level="WARNING" enabled_by_default="true" />
  <inspection_tool class="SyntaxError" enabled="true" level="ERROR" enabled_by_default="true" />
  <inspection_tool class="TailRecursionJS" enabled="false" level="WARNING" enabled_by_default="false" />
  <inspection_tool class="TextLabelInSwitchStatementJS" enabled="false" level="WARNING" enabled_by_default="false" />
  <inspection_tool class="ThisExpressionReferencesGlobalObjectJS" enabled="true" level="WARNING" enabled_by_default="true" />
  <inspection_tool class="ThreeNegationsPerFunctionJS" enabled="false" level="WARNING" enabled_by_default="false" />
  <inspection_tool class="ThrowFromFinallyBlockJS" enabled="true" level="WARNING" enabled_by_default="true" />
  <inspection_tool class="TodoComment" enabled="false" level="WARNING" enabled_by_default="false" />
  <inspection_tool class="TrivialConditionalJS" enabled="true" level="WARNING" enabled_by_default="true" />
  <inspection_tool class="TrivialIfJS" enabled="true" level="WARNING" enabled_by_default="true" />
  <inspection_tool class="TypeScriptAbstractClassConstructorCanBeMadeProtected" enabled="true" level="WEAK WARNING" enabled_by_default="true" />
  <inspection_tool class="TypeScriptCheckImport" enabled="false" level="ERROR" enabled_by_default="false" />
  <inspection_tool class="TypeScriptConfig" enabled="true" level="WARNING" enabled_by_default="true" />
  <inspection_tool class="TypeScriptDuplicateUnionOrIntersectionType" enabled="true" level="WARNING" enabled_by_default="true" />
  <inspection_tool class="TypeScriptExplicitMemberType" enabled="true" level="INFORMATION" enabled_by_default="true" />
  <inspection_tool class="TypeScriptFieldCanBeMadeReadonly" enabled="true" level="WEAK WARNING" enabled_by_default="true" />
  <inspection_tool class="TypeScriptLibrary" enabled="true" level="ERROR" enabled_by_default="true" />
  <inspection_tool class="TypeScriptMissingAugmentationImport" enabled="true" level="INFORMATION" enabled_by_default="true" />
  <inspection_tool class="TypeScriptMissingConfigOption" enabled="true" level="WARNING" enabled_by_default="true" />
  <inspection_tool class="TypeScriptRedundantGenericType" enabled="true" level="WEAK WARNING" enabled_by_default="true" />
  <inspection_tool class="TypeScriptSmartCast" enabled="true" level="WARNING" enabled_by_default="true" />
  <inspection_tool class="TypeScriptSuspiciousConstructorParameterAssignment" enabled="true" level="WARNING" enabled_by_default="true" />
  <inspection_tool class="TypeScriptUMDGlobal" enabled="true" level="WEAK WARNING" enabled_by_default="true" />
  <inspection_tool class="TypeScriptUnresolvedFunction" enabled="false" level="WEAK WARNING" enabled_by_default="false" />
  <inspection_tool class="TypeScriptUnresolvedReactComponent" enabled="true" level="WEAK WARNING" enabled_by_default="true" />
  <inspection_tool class="TypeScriptUnresolvedVariable" enabled="false" level="WEAK WARNING" enabled_by_default="false" />
  <inspection_tool class="TypeScriptValidateGenericTypes" enabled="true" level="ERROR" enabled_by_default="true" />
  <inspection_tool class="TypeScriptValidateJSTypes" enabled="false" level="WEAK WARNING" enabled_by_default="false" />
  <inspection_tool class="TypeScriptValidateTypes" enabled="true" level="ERROR" enabled_by_default="true" />
  <inspection_tool class="UnnecessaryContinueJS" enabled="true" level="WARNING" enabled_by_default="true" />
  <inspection_tool class="UnnecessaryLabelJS" enabled="true" level="WARNING" enabled_by_default="true" />
  <inspection_tool class="UnnecessaryLabelOnBreakStatementJS" enabled="true" level="WARNING" enabled_by_default="true" />
  <inspection_tool class="UnnecessaryLabelOnContinueStatementJS" enabled="true" level="WARNING" enabled_by_default="true" />
  <inspection_tool class="UnnecessaryLocalVariableJS" enabled="true" level="WARNING" enabled_by_default="true">
    <option name="m_ignoreImmediatelyReturnedVariables" value="false" />
    <option name="m_ignoreAnnotatedVariables" value="false" />
  </inspection_tool>
  <inspection_tool class="UnnecessaryReturnJS" enabled="true" level="WARNING" enabled_by_default="true" />
  <inspection_tool class="UnreachableCodeJS" enabled="true" level="WARNING" enabled_by_default="true" />
  <inspection_tool class="UnresolvedReference" enabled="true" level="ERROR" enabled_by_default="true" />
  <inspection_tool class="UnterminatedStatementJS" enabled="false" level="WARNING" enabled_by_default="false">
    <option name="ignoreSemicolonAtEndOfBlock" value="true" />
  </inspection_tool>
  <inspection_tool class="UnusedCatchParameterJS" enabled="false" level="WARNING" enabled_by_default="false">
    <option name="m_ignoreCatchBlocksWithComments" value="false" />
  </inspection_tool>
  <inspection_tool class="UnusedDefine" enabled="false" level="WARNING" enabled_by_default="false" />
  <inspection_tool class="VoidExpressionJS" enabled="false" level="WARNING" enabled_by_default="false" />
  <inspection_tool class="VueDataFunction" enabled="true" level="WARNING" enabled_by_default="true" />
  <inspection_tool class="VueDuplicateTag" enabled="true" level="WARNING" enabled_by_default="true" />
  <inspection_tool class="W3CssValidation" enabled="false" level="WARNING" enabled_by_default="false">
    <option name="myCssVersion" value="css3svg" />
    <option name="myIgnoreVendorSpecificProperties" value="false" />
  </inspection_tool>
  <inspection_tool class="WXMLInvalidImport" enabled="false" level="ERROR" enabled_by_default="false" />
  <inspection_tool class="WXSSInvalidImport" enabled="false" level="ERROR" enabled_by_default="false" />
  <inspection_tool class="WebpackConfigHighlighting" enabled="true" level="WARNING" enabled_by_default="true" />
  <inspection_tool class="WithStatementJS" enabled="true" level="WARNING" enabled_by_default="true" />
  <inspection_tool class="WxmlWxsModuleImport" enabled="false" level="ERROR" enabled_by_default="false" />
  <inspection_tool class="XHTMLIncompatabilitiesJS" enabled="false" level="WARNING" enabled_by_default="false" />
  <inspection_tool class="XmlDefaultAttributeValue" enabled="true" level="WARNING" enabled_by_default="true" />
  <inspection_tool class="XmlDeprecatedElement" enabled="true" level="WARNING" enabled_by_default="true" />
  <inspection_tool class="XmlDuplicatedId" enabled="true" level="ERROR" enabled_by_default="true" />
  <inspection_tool class="XmlHighlighting" enabled="true" level="ERROR" enabled_by_default="true" />
  <inspection_tool class="XmlInvalidId" enabled="true" level="ERROR" enabled_by_default="true" />
  <inspection_tool class="XmlPathReference" enabled="true" level="ERROR" enabled_by_default="true" />
  <inspection_tool class="XmlUnboundNsPrefix" enabled="true" level="WARNING" enabled_by_default="true" />
  <inspection_tool class="XmlUnusedNamespaceDeclaration" enabled="true" level="WARNING" enabled_by_default="true" />
  <inspection_tool class="XmlWrongRootElement" enabled="true" level="ERROR" enabled_by_default="true" />
</profile>