<code_scheme name="Default" version="173">
  <VueCodeStyleSettings>
    <option name="SPACES_WITHIN_INTERPOLATION_EXPRESSIONS" value="false" />
  </VueCodeStyleSettings>
  <codeStyleSettings language="Markdown">
    <indentOptions>
      <option name="USE_TAB_CHARACTER" value="true" />
      <option name="SMART_TABS" value="true" />
    </indentOptions>
  </codeStyleSettings>
  <codeStyleSettings language="Vue">
    <indentOptions>
      <option name="USE_TAB_CHARACTER" value="true" />
    </indentOptions>
  </codeStyleSettings>
</code_scheme>