<keymap version="1" name="Sublime Text copy" parent="Sublime Text">
  <action id="$Copy">
    <keyboard-shortcut first-keystroke="ctrl c" />
  </action>
  <action id="$Cut">
    <keyboard-shortcut first-keystroke="ctrl x" />
  </action>
  <action id="$Delete" />
  <action id="$Redo">
    <keyboard-shortcut first-keystroke="ctrl y" />
  </action>
  <action id="$Undo">
    <keyboard-shortcut first-keystroke="ctrl z" />
  </action>
  <action id="ActivateCommitToolWindow" />
  <action id="ActivateDebugToolWindow" />
  <action id="ActivateFavoritesToolWindow" />
  <action id="ActivateFindToolWindow" />
  <action id="ActivateProblemsViewToolWindow" />
  <action id="ActivateRunToolWindow" />
  <action id="ActivateServicesToolWindow">
    <keyboard-shortcut first-keystroke="alt 4" />
  </action>
  <action id="ActivateStructureToolWindow" />
  <action id="ActivateVersionControlToolWindow" />
  <action id="AddToFavoritesPopup" />
  <action id="Arrangement.Rule.Edit" />
  <action id="AutoIndentLines" />
  <action id="Back" />
  <action id="CallHierarchy" />
  <action id="ChangesView.AddUnversioned" />
  <action id="ChangesView.GroupBy.Directory" />
  <action id="ChangesView.Move" />
  <action id="ChangesView.Rename" />
  <action id="ChangesView.Revert" />
  <action id="ChangesView.SetDefault" />
  <action id="ChangesView.ShelveSilently" />
  <action id="ChangesView.UnshelveSilently" />
  <action id="ChooseDebugConfiguration" />
  <action id="ChooseRunConfiguration" />
  <action id="ClassNameCompletion" />
  <action id="CloseActiveTab" />
  <action id="CloseContent">
    <keyboard-shortcut first-keystroke="ctrl w" />
  </action>
  <action id="CodeCompletion" />
  <action id="CodeInspection.OnEditor" />
  <action id="CollapseAll" />
  <action id="CollapseAllRegions" />
  <action id="CollapseBlock" />
  <action id="CollapseExpandableComponent" />
  <action id="CollapseRegion" />
  <action id="CollapseRegionRecursively" />
  <action id="CollapseSelection" />
  <action id="CollapseTreeNode" />
  <action id="CommentByBlockComment">
    <keyboard-shortcut first-keystroke="shift ctrl slash" />
  </action>
  <action id="CommentByLineComment">
    <keyboard-shortcut first-keystroke="ctrl slash" />
  </action>
  <action id="CompareTwoFiles" />
  <action id="Console.History.Browse" />
  <action id="Console.Open">
    <keyboard-shortcut first-keystroke="f12" />
  </action>
  <action id="ContextHelp" />
  <action id="ConvertIndentsToTabs">
    <keyboard-shortcut first-keystroke="ctrl l" />
  </action>
  <action id="CopyAbsolutePath" />
  <action id="CopyElement" />
  <action id="CopyPaths" />
  <action id="CopyReference" />
  <action id="Debug" />
  <action id="Diff.FocusOppositePane" />
  <action id="Diff.FocusOppositePaneAndScroll" />
  <action id="Diff.ShowDiff" />
  <action id="DirDiffMenu.SynchronizeDiff" />
  <action id="DirDiffMenu.SynchronizeDiff.All" />
  <action id="DomCollectionControl.Add" />
  <action id="DomElementsTreeView.AddElement" />
  <action id="DumpLookupElementWeights" />
  <action id="DuplicatesForm.SendToLeft" />
  <action id="DuplicatesForm.SendToRight" />
  <action id="EditBreakpoint" />
  <action id="EditSource">
    <keyboard-shortcut first-keystroke="ctrl alt e" />
  </action>
  <action id="EditSourceInNewWindow" />
  <action id="EditorAddCaretPerSelectedLine" />
  <action id="EditorAddRectangularSelectionOnMouseDrag" />
  <action id="EditorBackSpace">
    <keyboard-shortcut first-keystroke="back_space" />
  </action>
  <action id="EditorChooseLookupItemDot" />
  <action id="EditorCreateRectangularSelection" />
  <action id="EditorCreateRectangularSelectionOnMouseDrag" />
  <action id="EditorDecreaseFontSize" />
  <action id="EditorDeleteLine" />
  <action id="EditorDeleteToLineEnd" />
  <action id="EditorDeleteToLineStart" />
  <action id="EditorDeleteToWordEnd" />
  <action id="EditorDeleteToWordStart" />
  <action id="EditorDuplicate" />
  <action id="EditorFocusGutter" />
  <action id="EditorIncreaseFontSize" />
  <action id="EditorIndentLineOrSelection" />
  <action id="EditorJoinLines" />
  <action id="EditorLineEndWithSelection" />
  <action id="EditorLineStartWithSelection" />
  <action id="EditorMatchBrace" />
  <action id="EditorMoveToPageBottomWithSelection" />
  <action id="EditorMoveToPageTopWithSelection" />
  <action id="EditorNextWordInDifferentHumpsMode" />
  <action id="EditorNextWordInDifferentHumpsModeWithSelection" />
  <action id="EditorNextWordWithSelection" />
  <action id="EditorPageDownWithSelection" />
  <action id="EditorPageUpWithSelection" />
  <action id="EditorPasteFromX11" />
  <action id="EditorPasteSimple">
    <keyboard-shortcut first-keystroke="ctrl v" />
  </action>
  <action id="EditorPreviousWordInDifferentHumpsMode" />
  <action id="EditorPreviousWordInDifferentHumpsModeWithSelection" />
  <action id="EditorPreviousWordWithSelection" />
  <action id="EditorScrollToCenter" />
  <action id="EditorSelectLine" />
  <action id="EditorSelectWord" />
  <action id="EditorShowGutterIconTooltip" />
  <action id="EditorSortLines" />
  <action id="EditorSplitLine" />
  <action id="EditorTextEnd" />
  <action id="EditorTextEndWithSelection" />
  <action id="EditorTextStart" />
  <action id="EditorTextStartWithSelection" />
  <action id="EditorToggleCase" />
  <action id="EditorToggleColumnMode" />
  <action id="EditorToggleInsertState" />
  <action id="EditorUnindentSelection">
    <keyboard-shortcut first-keystroke="shift tab" />
  </action>
  <action id="EmmetNextEditPoint" />
  <action id="EmmetPreviousEditPoint" />
  <action id="ExpandAll" />
  <action id="ExpandAllRegions">
    <keyboard-shortcut first-keystroke="ctrl 0" />
  </action>
  <action id="ExpandAllToLevel1">
    <keyboard-shortcut first-keystroke="ctrl 1" />
  </action>
  <action id="ExpandAllToLevel2">
    <keyboard-shortcut first-keystroke="ctrl 2" />
  </action>
  <action id="ExpandAllToLevel3">
    <keyboard-shortcut first-keystroke="ctrl 3" />
  </action>
  <action id="ExpandAllToLevel4">
    <keyboard-shortcut first-keystroke="ctrl 4" />
  </action>
  <action id="ExpandAllToLevel5">
    <keyboard-shortcut first-keystroke="ctrl 5" />
  </action>
  <action id="ExpandExpandableComponent" />
  <action id="ExpandRegion" />
  <action id="ExpandRegionRecursively" />
  <action id="ExpandToLevel1" />
  <action id="ExpandToLevel2" />
  <action id="ExpandToLevel3" />
  <action id="ExpandToLevel4" />
  <action id="ExpandToLevel5" />
  <action id="ExpandTreeNode" />
  <action id="ExportToTextFile" />
  <action id="ExternalJavaDoc" />
  <action id="ExternalSystem.CollapseAll" />
  <action id="ExternalSystem.ExpandAll" />
  <action id="ExternalSystem.ProjectRefreshAction" />
  <action id="ExtractMethod" />
  <action id="FileChooser.GotoDesktop" />
  <action id="FileChooser.GotoHome" />
  <action id="FileChooser.GotoModule" />
  <action id="FileChooser.GotoProject" />
  <action id="FileChooser.NewFolder" />
  <action id="FileChooser.TogglePathShowing" />
  <action id="FileStructurePopup" />
  <action id="FillParagraph" />
  <action id="FindNext" />
  <action id="FindPrevious">
    <keyboard-shortcut first-keystroke="alt d" />
  </action>
  <action id="FindWordAtCaret" />
  <action id="ForceRefresh" />
  <action id="Forward" />
  <action id="FullyExpandTreeNode" />
  <action id="Generate" />
  <action id="Git.Rename.Local.Branch">
    <keyboard-shortcut first-keystroke="shift f6" />
  </action>
  <action id="Git.Reword.Commit">
    <keyboard-shortcut first-keystroke="shift f6" />
  </action>
  <action id="GotoAction" />
  <action id="GotoBookmark0" />
  <action id="GotoBookmark1" />
  <action id="GotoBookmark2" />
  <action id="GotoBookmark3" />
  <action id="GotoBookmark4" />
  <action id="GotoBookmark5" />
  <action id="GotoBookmark6" />
  <action id="GotoBookmark7" />
  <action id="GotoBookmark8" />
  <action id="GotoBookmark9" />
  <action id="GotoCustomRegion" />
  <action id="GotoDeclaration">
    <mouse-shortcut keystroke="shift control button1" />
  </action>
  <action id="GotoFile" />
  <action id="GotoImplementation">
    <mouse-shortcut keystroke="control alt button1" />
  </action>
  <action id="GotoNextBookmark" />
  <action id="GotoNextError">
    <keyboard-shortcut first-keystroke="f2" />
  </action>
  <action id="GotoPreviousBookmark" />
  <action id="GotoRelated" />
  <action id="GotoSuperMethod" />
  <action id="GotoSymbol" />
  <action id="GotoUrlAction" />
  <action id="Graph.ActualSize" />
  <action id="Graph.ApplyCurrentLayout" />
  <action id="Graph.RouteEdges" />
  <action id="Graph.ZoomIn" />
  <action id="Graph.ZoomOut" />
  <action id="HideActiveWindow" />
  <action id="HideAllWindows" />
  <action id="HippieBackwardCompletion" />
  <action id="HippieCompletion" />
  <action id="Images.EditExternally" />
  <action id="Images.Editor.ActualSize" />
  <action id="Images.Editor.ToggleGrid" />
  <action id="Images.Editor.ZoomIn" />
  <action id="Images.Editor.ZoomOut" />
  <action id="Images.Thumbnails.EnterAction" />
  <action id="Images.Thumbnails.ToggleRecursive" />
  <action id="Images.Thumbnails.UpFolder" />
  <action id="IncrementalSearch" />
  <action id="Inline" />
  <action id="IntroduceConstant" />
  <action id="IntroduceField" />
  <action id="IntroduceParameter" />
  <action id="IntroduceVariable" />
  <action id="MaintenanceAction" />
  <action id="MaximizeToolWindow" />
  <action id="MoveTabRight">
    <keyboard-shortcut first-keystroke="shift alt 2" />
  </action>
  <action id="NewElement" />
  <action id="NewElementSamePlace" />
  <action id="NextDiff" />
  <action id="NextProjectWindow" />
  <action id="NextTab" />
  <action id="OpenInRightSplit" />
  <action id="OptimizeImports" />
  <action id="PasteMultiple" />
  <action id="PlaybackLastMacro" />
  <action id="PopupHector" />
  <action id="PrevParameter" />
  <action id="PrevTemplateParameter" />
  <action id="PreviousDiff" />
  <action id="PreviousProjectWindow" />
  <action id="PreviousTab" />
  <action id="PreviousTemplateVariable" />
  <action id="ProblemsView.CollapseAll" />
  <action id="ProblemsView.ExpandAll" />
  <action id="ProjectViewChangeView" />
  <action id="QuickActionPopup" />
  <action id="QuickChangeScheme" />
  <action id="QuickImplementations" />
  <action id="QuickJavaDoc">
    <mouse-shortcut keystroke="control button3" />
    <keyboard-shortcut first-keystroke="alt e" />
  </action>
  <action id="QuickPreview" />
  <action id="RecentChanges" />
  <action id="RecentFiles" />
  <action id="Refactorings.QuickListPopupAction" />
  <action id="ReformatCode">
    <keyboard-shortcut first-keystroke="alt l" />
  </action>
  <action id="Refresh" />
  <action id="RenameElement" />
  <action id="ReopenClosedTab">
    <keyboard-shortcut first-keystroke="alt w" />
  </action>
  <action id="ReplaceInPath">
    <keyboard-shortcut first-keystroke="shift ctrl h" />
  </action>
  <action id="Rerun" />
  <action id="RerunTests" />
  <action id="ResizeToolWindowDown" />
  <action id="ResizeToolWindowLeft" />
  <action id="ResizeToolWindowRight" />
  <action id="ResizeToolWindowUp" />
  <action id="RevealIn">
    <keyboard-shortcut first-keystroke="ctrl e" />
  </action>
  <action id="Run">
    <keyboard-shortcut first-keystroke="ctrl q" />
  </action>
  <action id="RunClass" />
  <action id="RunInspection" />
  <action id="RunJsbtTask">
    <keyboard-shortcut first-keystroke="alt 3" />
  </action>
  <action id="SafeDelete" />
  <action id="SaveAs" />
  <action id="SearchEverywhere.PrevTab" />
  <action id="SelectAllOccurrences">
    <keyboard-shortcut first-keystroke="ctrl alt a" />
  </action>
  <action id="SelectIn" />
  <action id="SelectVirtualTemplateElement" />
  <action id="SendEOF" />
  <action id="ServiceView.ShowServices" />
  <action id="ShelveChanges.UnshelveWithDialog" />
  <action id="ShelvedChanges.Rename" />
  <action id="ShowBookmarks">
    <keyboard-shortcut first-keystroke="f1" />
  </action>
  <action id="ShowContent" />
  <action id="ShowErrorDescription" />
  <action id="ShowFilePath" />
  <action id="ShowFilterPopup" />
  <action id="ShowIntentionActions" />
  <action id="ShowNavBar" />
  <action id="ShowReformatFileDialog" />
  <action id="ShowSearchHistory" />
  <action id="SplitChooser.PreviousWindow" />
  <action id="StartStopMacroRecording" />
  <action id="StepInto" />
  <action id="StepOver" />
  <action id="Stop">
    <keyboard-shortcut first-keystroke="alt q" />
  </action>
  <action id="SurroundWith" />
  <action id="SurroundWithLiveTemplate" />
  <action id="SwitchCoverage" />
  <action id="Switcher">
    <keyboard-shortcut first-keystroke="ctrl tab" />
  </action>
  <action id="SwitcherIterateItems" />
  <action id="SwitcherRecentEditedChangedToggleCheckBox" />
  <action id="Synchronize">
    <keyboard-shortcut first-keystroke="f5" />
  </action>
  <action id="Terminal.CopySelectedText">
    <keyboard-shortcut first-keystroke="ctrl c" />
  </action>
  <action id="Terminal.MoveToolWindowTabLeft" />
  <action id="Terminal.MoveToolWindowTabRight" />
  <action id="Terminal.Paste">
    <keyboard-shortcut first-keystroke="ctrl v" />
    <mouse-shortcut keystroke="button3" />
  </action>
  <action id="Terminal.SmartCommandExecution.Debug">
    <keyboard-shortcut first-keystroke="ctrl enter" />
  </action>
  <action id="Terminal.SmartCommandExecution.Run">
    <keyboard-shortcut first-keystroke="enter" />
  </action>
  <action id="TodoViewGroupByFlattenPackage" />
  <action id="TodoViewGroupByShowModules" />
  <action id="ToggleBookmark" />
  <action id="ToggleBookmark0" />
  <action id="ToggleBookmark1" />
  <action id="ToggleBookmark2" />
  <action id="ToggleBookmark3" />
  <action id="ToggleBookmark4" />
  <action id="ToggleBookmark5" />
  <action id="ToggleBookmark6" />
  <action id="ToggleBookmark7" />
  <action id="ToggleBookmark8" />
  <action id="ToggleBookmark9" />
  <action id="ToggleBookmarkWithMnemonic" />
  <action id="ToggleDistractionFreeMode" />
  <action id="ToggleFindInSelection" />
  <action id="ToggleLineBreakpoint" />
  <action id="ToggleRenderedDocPresentation" />
  <action id="ToggleTemporaryLineBreakpoint" />
  <action id="UnselectPreviousOccurrence">
    <keyboard-shortcut first-keystroke="ctrl alt d" />
  </action>
  <action id="Unwrap" />
  <action id="UsageGrouping.Directory" />
  <action id="UsageGrouping.DirectoryStructure" />
  <action id="UsageGrouping.FileStructure" />
  <action id="UsageGrouping.FlattenModules" />
  <action id="UsageGrouping.Module" />
  <action id="UsageGrouping.UsageType" />
  <action id="UsageView.Include" />
  <action id="Vcs.Log.FocusTextFilter" />
  <action id="Vcs.Log.GoToChild" />
  <action id="Vcs.Log.GoToParent" />
  <action id="Vcs.MoveChangedLinesToChangelist" />
  <action id="Vcs.QuickListPopupAction" />
  <action id="Vcs.RollbackChangedLines" />
  <action id="Vcs.ShowMessageHistory" />
  <action id="Vcs.ToggleAmendCommitMode" />
  <action id="VcsHistory.ShowAllAffected" />
  <action id="VcsShowNextChangeMarker" />
  <action id="VcsShowPrevChangeMarker" />
  <action id="ViewBreakpoints" />
  <action id="ViewSource" />
  <action id="WebOpenInAction" />
  <action id="WelcomeScreen.CopyProjectPath" />
  <action id="XDebugger.AttachToProcess" />
  <action id="XDebugger.NewWatch" />
  <action id="XDebugger.SetValue" />
</keymap>